Experiment_ID,Adjacency_Type,MAE,MSE,R2_Score,Pearson_CC
1,static,153.28955,48061.926,-109.571396,0.6679409047823001
2,dynamic,174.1196,70323.04,-355.48288,0.7487652863133823
3,hybrid,152.06468,51734.457,-160.39865,0.7288837343560203
