Experiment_ID,Adjacency_Type,MAE,MAE,MAE,MAE,MAE,MAE,MAE,Pearson_Correlation,Pearson_Correlation,Pearson_Correlation,Pearson_Correlation,Pearson_Correlation,Pearson_Correlation,Pearson_Correlation,R2_Score,R2_Score,R2_Score,R2_Score,R2_Score,R2_Score,R2_Score,RMSE,RMSE,RMSE,RMSE,RMSE,RMSE,RMSE
,,East of England,London,Midlands,North East and Yorkshire,North West,South East,South West,East of England,London,Midlands,North East and Yorkshire,North West,South East,South West,East of England,London,Midlands,North East and Yorkshire,North West,South East,South West,East of England,London,Midlands,North East and Yorkshire,North West,South East,South West
1,static,210.14716,45.23444,37.809696,37.751526,114.52463,48.333908,21.761189,0.9772036650764029,-0.42109225938413203,0.9596920455098976,0.951560287918634,0.9937165628379758,0.31592621597313064,-0.06757091962103395,0.800773,-33.84999,0.18371218,0.55396634,0.8879055,-19.011501,-52.436466,360.44852,61.754765,39.83105,42.82875,152.0916,60.162086,23.973354
2,dynamic,194.03622,23.643255,14.977286,17.627604,116.46475,25.921469,13.571649,0.9772379751491103,0.07085470538134095,0.9198959046617242,0.9656366285883982,0.9930835829681991,0.45295142336415306,0.1204431494746149,0.8385882,-11.966132,0.82395005,0.84671587,0.86815286,-4.9706535,-23.490198,324.4418,37.668156,18.497711,25.10731,164.94849,32.862,16.229536
3,hybrid,220.71468,20.66422,27.517538,20.942902,128.98778,26.945816,28.764694,0.9741081506483291,0.7308913212699933,0.8266273767019785,0.961539412851416,0.9937828825346551,0.6068485436185405,-0.2579922525917098,0.80001223,-6.149493,0.33422327,0.8482178,0.86336637,-6.8513756,-93.53755,361.13608,27.97092,35.971985,24.984003,167.9159,37.683907,31.886887
