Experiment_ID,Model_Type,MAE,MSE,R2_Score,Pearson_CC
1,TGT,554.30945,438852.94,-5776.9844,0.6762675084197582
