Experiment_ID,Adjacency_Type,MAE,MSE,R2_Score,Pearson_CC
1,static,75.941284,18003.158,-27.612593,0.6594550796025603
2,dynamic,72.72817,24493.434,-11.871011,0.6313187568684271
3,hybrid,79.8735,21048.604,-34.20053,0.6355419726939132
