Experiment_ID,Adjacency_Type,Region,MAE,RMSE,R2_Score,Pearson_Correlation
2,dynamic,East of England,194.03622,324.4418,0.8385882,0.9772379751491103
2,dynamic,London,23.643255,37.668156,-11.966132,0.07085470538134095
2,dynamic,Midlands,14.977286,18.497711,0.82395005,0.9198959046617242
2,dynamic,North East and Yorkshire,17.627604,25.10731,0.84671587,0.9656366285883982
2,dynamic,North West,116.46475,164.94849,0.86815286,0.9930835829681991
2,dynamic,South East,25.921469,32.862,-4.9706535,0.45295142336415306
2,dynamic,South West,13.571649,16.229536,-23.490198,0.1204431494746149
