Experiment_ID,Adjacency_Type,Region,MAE,RMSE,R2_Score,Pearson_Correlation
1,static,East of England,210.14716,360.44852,0.800773,0.9772036650764029
1,static,London,45.23444,61.754765,-33.84999,-0.42109225938413203
1,static,Midlands,37.809696,39.83105,0.18371218,0.9596920455098976
1,static,North East and Yorkshire,37.751526,42.82875,0.55396634,0.951560287918634
1,static,North West,114.52463,152.0916,0.8879055,0.9937165628379758
1,static,South East,48.333908,60.162086,-19.011501,0.31592621597313064
1,static,South West,21.761189,23.973354,-52.436466,-0.06757091962103395
