Experiment_ID,Adjacency_Type,Region,MAE,RMSE,R2_Score,Pearson_Correlation
1,static,East of England,249.10143,400.5786,0.75394213,0.9796989987157962
1,static,London,48.994766,63.829674,-36.231194,-0.30215678055997386
1,static,Midlands,41.42303,43.956516,0.005862713,0.9454786241598271
1,static,North East and Yorkshire,32.167496,36.462193,0.6767173,0.9689013258509318
1,static,North West,139.52533,189.28673,0.8263742,0.9926427304743439
1,static,South East,39.781616,56.39472,-16.583721,0.4880472327231974
1,static,South West,40.01811,40.347572,-150.36133,0.6832363069780615
